Milestone,Objective,Status,
Feature Alpha - User Authentication,Implement secure login flow with multi-factor authentication,In Progress,
,Create user session management system,Completed,
,Add password reset functionality,Planned,
,Integrate OAuth2 providers,In Design,
,,
Feature Beta - Data Processing Pipeline,Design ETL architecture for high-volume data ingestion,Completed,
,Build data validation and transformation layer,In Progress,
,Implement error handling and retry logic,In Progress,
,Create monitoring dashboards for pipeline health,Planned,
,,
Feature Gamma - Analytics Dashboard,Define key metrics and KPIs for stakeholder reporting,In Progress,
,Build interactive visualization components,Planned,
,Implement real-time data refresh capabilities,Planned,
,Add export functionality for reports,Planned,
,,
Platform Stability & Performance,Optimize database query performance,In Progress,
,Implement caching layer for frequently accessed data,Planned,
,Establish baseline performance metrics,Completed,
,Create automated performance testing suite,Planned,
,,
Production Readiness,Complete security audit and penetration testing,Planned,
,Implement comprehensive logging and monitoring,In Progress,
,Establish deployment automation and rollback procedures,Planned,
,Create runbook documentation for operations team,Planned,
,,
